,project,subproject,institution,componentType,type,property1_key,property1_value,property2_key,property2_value,property3_key,property3_value
0,P,PB,BONN,OB_BASE_BLOCK,OB_BASE_BLOCK,MATERIAL_ROD_AL-G_SUPPLIER_REFERENCE,13/02/2023/b,PART_NUMBER,1-0001,Machining_Date,2023-12-14
1,P,PB,BONN,OB_BASE_BLOCK,OB_BASE_BLOCK,MATERIAL_ROD_AL-G_SUPPLIER_REFERENCE,13/02/2023/b,PART_NUMBER,1-0002,Machining_Date,2023-12-14
2,P,PB,BONN,OB_BASE_BLOCK,OB_BASE_BLOCK,MATERIAL_ROD_AL-G_SUPPLIER_REFERENCE,13/02/2023/b,PART_NUMBER,1-0003,Machining_Date,2023-12-14
3,P,PB,BONN,OB_BASE_BLOCK,OB_BASE_BLOCK,MATERIAL_ROD_AL-G_SUPPLIER_REFERENCE,13/02/2023/b,PART_NUMBER,1-0004,Machining_Date,2023-12-14
4,P,PB,BONN,OB_BASE_BLOCK,OB_BASE_BLOCK,MATERIAL_ROD_AL-G_SUPPLIER_REFERENCE,13/02/2023/b,PART_NUMBER,1-0005,Machining_Date,2023-12-14
5,P,PB,BONN,OB_BASE_BLOCK,OB_BASE_BLOCK,MATERIAL_ROD_AL-G_SUPPLIER_REFERENCE,13/02/2023/b,PART_NUMBER,1-0006,Machining_Date,2023-12-14
6,P,PB,BONN,OB_BASE_BLOCK,OB_BASE_BLOCK,MATERIAL_ROD_AL-G_SUPPLIER_REFERENCE,13/02/2023/b,PART_NUMBER,1-0007,Machining_Date,2023-12-14
7,P,PB,BONN,OB_BASE_BLOCK,OB_BASE_BLOCK,MATERIAL_ROD_AL-G_SUPPLIER_REFERENCE,13/02/2023/b,PART_NUMBER,1-0008,Machining_Date,2023-12-14
8,P,PB,BONN,OB_BASE_BLOCK,OB_BASE_BLOCK,MATERIAL_ROD_AL-G_SUPPLIER_REFERENCE,13/02/2023/b,PART_NUMBER,1-0009,Machining_Date,2023-12-14
9,P,PB,BONN,OB_BASE_BLOCK,OB_BASE_BLOCK,MATERIAL_ROD_AL-G_SUPPLIER_REFERENCE,13/02/2023/b,PART_NUMBER,1-0010,Machining_Date,2023-12-14
10,P,PB,BONN,OB_BASE_BLOCK,OB_BASE_BLOCK,MATERIAL_ROD_AL-G_SUPPLIER_REFERENCE,13/02/2023/b,PART_NUMBER,1-0011,Machining_Date,2023-12-14
11,P,PB,BONN,OB_BASE_BLOCK,OB_BASE_BLOCK,MATERIAL_ROD_AL-G_SUPPLIER_REFERENCE,13/02/2023/b,PART_NUMBER,1-0012,Machining_Date,2023-12-14
12,P,PB,BONN,OB_BASE_BLOCK,OB_BASE_BLOCK,MATERIAL_ROD_AL-G_SUPPLIER_REFERENCE,13/02/2023/b,PART_NUMBER,1-0013,Machining_Date,2023-12-14
13,P,PB,BONN,OB_BASE_BLOCK,OB_BASE_BLOCK,MATERIAL_ROD_AL-G_SUPPLIER_REFERENCE,13/02/2023/b,PART_NUMBER,1-0014,Machining_Date,2023-12-14
14,P,PB,BONN,OB_BASE_BLOCK,OB_BASE_BLOCK,MATERIAL_ROD_AL-G_SUPPLIER_REFERENCE,13/02/2023/b,PART_NUMBER,1-0015,Machining_Date,2023-12-14
15,P,PB,BONN,OB_BASE_BLOCK,OB_BASE_BLOCK,MATERIAL_ROD_AL-G_SUPPLIER_REFERENCE,13/02/2023/b,PART_NUMBER,1-0016,Machining_Date,2023-12-14
16,P,PB,BONN,OB_BASE_BLOCK,OB_BASE_BLOCK,MATERIAL_ROD_AL-G_SUPPLIER_REFERENCE,13/02/2023/b,PART_NUMBER,1-0017,Machining_Date,2023-12-14
17,P,PB,BONN,OB_BASE_BLOCK,OB_BASE_BLOCK,MATERIAL_ROD_AL-G_SUPPLIER_REFERENCE,13/02/2023/b,PART_NUMBER,1-0018,Machining_Date,2023-12-14
18,P,PB,BONN,OB_BASE_BLOCK,OB_BASE_BLOCK,MATERIAL_ROD_AL-G_SUPPLIER_REFERENCE,13/02/2023/b,PART_NUMBER,1-0019,Machining_Date,2023-12-14
19,P,PB,BONN,OB_BASE_BLOCK,OB_BASE_BLOCK,MATERIAL_ROD_AL-G_SUPPLIER_REFERENCE,13/02/2023/b,PART_NUMBER,1-0020,Machining_Date,2023-12-14
20,P,PB,BONN,OB_BASE_BLOCK,OB_BASE_BLOCK,MATERIAL_ROD_AL-G_SUPPLIER_REFERENCE,13/02/2023/b,PART_NUMBER,1-0021,Machining_Date,2023-12-14
21,P,PB,BONN,OB_BASE_BLOCK,OB_BASE_BLOCK,MATERIAL_ROD_AL-G_SUPPLIER_REFERENCE,13/02/2023/b,PART_NUMBER,1-0022,Machining_Date,2023-12-14
22,P,PB,BONN,OB_BASE_BLOCK,OB_BASE_BLOCK,MATERIAL_ROD_AL-G_SUPPLIER_REFERENCE,13/02/2023/b,PART_NUMBER,1-0023,Machining_Date,2023-12-14
23,P,PB,BONN,OB_BASE_BLOCK,OB_BASE_BLOCK,MATERIAL_ROD_AL-G_SUPPLIER_REFERENCE,13/02/2023/b,PART_NUMBER,1-0024,Machining_Date,2023-12-14
24,P,PB,BONN,OB_BASE_BLOCK,OB_BASE_BLOCK,MATERIAL_ROD_AL-G_SUPPLIER_REFERENCE,13/02/2023/b,PART_NUMBER,1-0025,Machining_Date,2023-12-14
25,P,PB,BONN,OB_BASE_BLOCK,OB_BASE_BLOCK,MATERIAL_ROD_AL-G_SUPPLIER_REFERENCE,13/02/2023/b,PART_NUMBER,1-0026,Machining_Date,2023-12-14
26,P,PB,BONN,OB_BASE_BLOCK,OB_BASE_BLOCK,MATERIAL_ROD_AL-G_SUPPLIER_REFERENCE,13/02/2023/b,PART_NUMBER,1-0027,Machining_Date,2023-12-14
27,P,PB,BONN,OB_BASE_BLOCK,OB_BASE_BLOCK,MATERIAL_ROD_AL-G_SUPPLIER_REFERENCE,13/02/2023/b,PART_NUMBER,1-0028,Machining_Date,2023-12-14
28,P,PB,BONN,OB_BASE_BLOCK,OB_BASE_BLOCK,MATERIAL_ROD_AL-G_SUPPLIER_REFERENCE,13/02/2023/b,PART_NUMBER,1-0029,Machining_Date,2023-12-14
29,P,PB,BONN,OB_BASE_BLOCK,OB_BASE_BLOCK,MATERIAL_ROD_AL-G_SUPPLIER_REFERENCE,13/02/2023/b,PART_NUMBER,1-0030,Machining_Date,2023-12-14
30,P,PB,BONN,OB_BASE_BLOCK,OB_BASE_BLOCK,MATERIAL_ROD_AL-G_SUPPLIER_REFERENCE,13/02/2023/b,PART_NUMBER,1-0031,Machining_Date,2023-12-14
31,P,PB,BONN,OB_BASE_BLOCK,OB_BASE_BLOCK,MATERIAL_ROD_AL-G_SUPPLIER_REFERENCE,13/02/2023/b,PART_NUMBER,1-0032,Machining_Date,2023-12-14
32,P,PB,BONN,OB_BASE_BLOCK,OB_BASE_BLOCK,MATERIAL_ROD_AL-G_SUPPLIER_REFERENCE,13/02/2023/b,PART_NUMBER,1-0033,Machining_Date,2023-12-14
33,P,PB,BONN,OB_BASE_BLOCK,OB_BASE_BLOCK,MATERIAL_ROD_AL-G_SUPPLIER_REFERENCE,13/02/2023/b,PART_NUMBER,1-0034,Machining_Date,2023-12-14
34,P,PB,BONN,OB_BASE_BLOCK,OB_BASE_BLOCK,MATERIAL_ROD_AL-G_SUPPLIER_REFERENCE,13/02/2023/b,PART_NUMBER,1-0035,Machining_Date,2023-12-14
35,P,PB,BONN,OB_BASE_BLOCK,OB_BASE_BLOCK,MATERIAL_ROD_AL-G_SUPPLIER_REFERENCE,13/02/2023/b,PART_NUMBER,1-0036,Machining_Date,2023-12-14
36,P,PB,BONN,OB_BASE_BLOCK,OB_BASE_BLOCK,MATERIAL_ROD_AL-G_SUPPLIER_REFERENCE,13/02/2023/b,PART_NUMBER,1-0037,Machining_Date,2023-12-14
37,P,PB,BONN,OB_BASE_BLOCK,OB_BASE_BLOCK,MATERIAL_ROD_AL-G_SUPPLIER_REFERENCE,13/02/2023/b,PART_NUMBER,1-0038,Machining_Date,2023-12-14
38,P,PB,BONN,OB_BASE_BLOCK,OB_BASE_BLOCK,MATERIAL_ROD_AL-G_SUPPLIER_REFERENCE,13/02/2023/b,PART_NUMBER,1-0039,Machining_Date,2023-12-14
39,P,PB,BONN,OB_BASE_BLOCK,OB_BASE_BLOCK,MATERIAL_ROD_AL-G_SUPPLIER_REFERENCE,13/02/2023/b,PART_NUMBER,1-0040,Machining_Date,2023-12-14
40,P,PB,BONN,OB_BASE_BLOCK,OB_BASE_BLOCK,MATERIAL_ROD_AL-G_SUPPLIER_REFERENCE,13/02/2023/b,PART_NUMBER,1-0041,Machining_Date,2023-12-14
41,P,PB,BONN,OB_BASE_BLOCK,OB_BASE_BLOCK,MATERIAL_ROD_AL-G_SUPPLIER_REFERENCE,13/02/2023/b,PART_NUMBER,1-0042,Machining_Date,2023-12-14
42,P,PB,BONN,OB_BASE_BLOCK,OB_BASE_BLOCK,MATERIAL_ROD_AL-G_SUPPLIER_REFERENCE,13/02/2023/b,PART_NUMBER,1-0043,Machining_Date,2023-12-14
43,P,PB,BONN,OB_BASE_BLOCK,OB_BASE_BLOCK,MATERIAL_ROD_AL-G_SUPPLIER_REFERENCE,13/02/2023/b,PART_NUMBER,1-0044,Machining_Date,2023-12-14
44,P,PB,BONN,OB_BASE_BLOCK,OB_BASE_BLOCK,MATERIAL_ROD_AL-G_SUPPLIER_REFERENCE,13/02/2023/b,PART_NUMBER,1-0045,Machining_Date,2023-12-14
45,P,PB,BONN,OB_BASE_BLOCK,OB_BASE_BLOCK,MATERIAL_ROD_AL-G_SUPPLIER_REFERENCE,13/02/2023/b,PART_NUMBER,1-0046,Machining_Date,2023-12-14
46,P,PB,BONN,OB_BASE_BLOCK,OB_BASE_BLOCK,MATERIAL_ROD_AL-G_SUPPLIER_REFERENCE,13/02/2023/b,PART_NUMBER,1-0047,Machining_Date,2023-12-18
47,P,PB,BONN,OB_BASE_BLOCK,OB_BASE_BLOCK,MATERIAL_ROD_AL-G_SUPPLIER_REFERENCE,13/02/2023/b,PART_NUMBER,1-0048,Machining_Date,2023-12-18
48,P,PB,BONN,OB_BASE_BLOCK,OB_BASE_BLOCK,MATERIAL_ROD_AL-G_SUPPLIER_REFERENCE,13/02/2023/b,PART_NUMBER,1-0049,Machining_Date,2023-12-18
49,P,PB,BONN,OB_BASE_BLOCK,OB_BASE_BLOCK,MATERIAL_ROD_AL-G_SUPPLIER_REFERENCE,13/02/2023/b,PART_NUMBER,1-0050,Machining_Date,2023-12-18
50,P,PB,BONN,OB_BASE_BLOCK,OB_BASE_BLOCK,MATERIAL_ROD_AL-G_SUPPLIER_REFERENCE,13/02/2023/b,PART_NUMBER,1-0051,Machining_Date,2023-12-18
51,P,PB,BONN,OB_BASE_BLOCK,OB_BASE_BLOCK,MATERIAL_ROD_AL-G_SUPPLIER_REFERENCE,13/02/2023/b,PART_NUMBER,1-0052,Machining_Date,2023-12-18
52,P,PB,BONN,OB_BASE_BLOCK,OB_BASE_BLOCK,MATERIAL_ROD_AL-G_SUPPLIER_REFERENCE,13/02/2023/b,PART_NUMBER,1-0053,Machining_Date,2023-12-18
53,P,PB,BONN,OB_BASE_BLOCK,OB_BASE_BLOCK,MATERIAL_ROD_AL-G_SUPPLIER_REFERENCE,13/02/2023/b,PART_NUMBER,1-0054,Machining_Date,2023-12-18
54,P,PB,BONN,OB_BASE_BLOCK,OB_BASE_BLOCK,MATERIAL_ROD_AL-G_SUPPLIER_REFERENCE,13/02/2023/b,PART_NUMBER,1-0055,Machining_Date,2023-12-18
55,P,PB,BONN,OB_BASE_BLOCK,OB_BASE_BLOCK,MATERIAL_ROD_AL-G_SUPPLIER_REFERENCE,13/02/2023/b,PART_NUMBER,1-0056,Machining_Date,2023-12-18
56,P,PB,BONN,OB_BASE_BLOCK,OB_BASE_BLOCK,MATERIAL_ROD_AL-G_SUPPLIER_REFERENCE,13/02/2023/b,PART_NUMBER,1-0057,Machining_Date,2023-12-18
57,P,PB,BONN,OB_BASE_BLOCK,OB_BASE_BLOCK,MATERIAL_ROD_AL-G_SUPPLIER_REFERENCE,13/02/2023/b,PART_NUMBER,1-0058,Machining_Date,2023-12-18
58,P,PB,BONN,OB_BASE_BLOCK,OB_BASE_BLOCK,MATERIAL_ROD_AL-G_SUPPLIER_REFERENCE,13/02/2023/c,PART_NUMBER,1-0059,Machining_Date,2023-12-18
59,P,PB,BONN,OB_BASE_BLOCK,OB_BASE_BLOCK,MATERIAL_ROD_AL-G_SUPPLIER_REFERENCE,13/02/2023/c,PART_NUMBER,1-0060,Machining_Date,2023-12-18
60,P,PB,BONN,OB_BASE_BLOCK,OB_BASE_BLOCK,MATERIAL_ROD_AL-G_SUPPLIER_REFERENCE,13/02/2023/c,PART_NUMBER,1-0061,Machining_Date,2023-12-18
61,P,PB,BONN,OB_BASE_BLOCK,OB_BASE_BLOCK,MATERIAL_ROD_AL-G_SUPPLIER_REFERENCE,13/02/2023/c,PART_NUMBER,1-0062,Machining_Date,2023-12-18
62,P,PB,BONN,OB_BASE_BLOCK,OB_BASE_BLOCK,MATERIAL_ROD_AL-G_SUPPLIER_REFERENCE,13/02/2023/c,PART_NUMBER,1-0063,Machining_Date,2023-12-18
63,P,PB,BONN,OB_BASE_BLOCK,OB_BASE_BLOCK,MATERIAL_ROD_AL-G_SUPPLIER_REFERENCE,13/02/2023/c,PART_NUMBER,1-0064,Machining_Date,2023-12-18
64,P,PB,BONN,OB_BASE_BLOCK,OB_BASE_BLOCK,MATERIAL_ROD_AL-G_SUPPLIER_REFERENCE,13/02/2023/c,PART_NUMBER,1-0065,Machining_Date,2023-12-18
65,P,PB,BONN,OB_BASE_BLOCK,OB_BASE_BLOCK,MATERIAL_ROD_AL-G_SUPPLIER_REFERENCE,13/02/2023/c,PART_NUMBER,1-0066,Machining_Date,2023-12-18
66,P,PB,BONN,OB_BASE_BLOCK,OB_BASE_BLOCK,MATERIAL_ROD_AL-G_SUPPLIER_REFERENCE,13/02/2023/c,PART_NUMBER,1-0067,Machining_Date,2023-12-18
67,P,PB,BONN,OB_BASE_BLOCK,OB_BASE_BLOCK,MATERIAL_ROD_AL-G_SUPPLIER_REFERENCE,13/02/2023/c,PART_NUMBER,1-0068,Machining_Date,2023-12-18
68,P,PB,BONN,OB_BASE_BLOCK,OB_BASE_BLOCK,MATERIAL_ROD_AL-G_SUPPLIER_REFERENCE,13/02/2023/c,PART_NUMBER,1-0069,Machining_Date,2023-12-18
69,P,PB,BONN,OB_BASE_BLOCK,OB_BASE_BLOCK,MATERIAL_ROD_AL-G_SUPPLIER_REFERENCE,13/02/2023/c,PART_NUMBER,1-0070,Machining_Date,2023-12-18
70,P,PB,BONN,OB_BASE_BLOCK,OB_BASE_BLOCK,MATERIAL_ROD_AL-G_SUPPLIER_REFERENCE,13/02/2023/c,PART_NUMBER,1-0071,Machining_Date,2023-12-18
71,P,PB,BONN,OB_BASE_BLOCK,OB_BASE_BLOCK,MATERIAL_ROD_AL-G_SUPPLIER_REFERENCE,13/02/2023/c,PART_NUMBER,1-0072,Machining_Date,2023-12-18
72,P,PB,BONN,OB_BASE_BLOCK,OB_BASE_BLOCK,MATERIAL_ROD_AL-G_SUPPLIER_REFERENCE,13/02/2023/c,PART_NUMBER,1-0073,Machining_Date,2023-12-18
73,P,PB,BONN,OB_BASE_BLOCK,OB_BASE_BLOCK,MATERIAL_ROD_AL-G_SUPPLIER_REFERENCE,13/02/2023/c,PART_NUMBER,1-0074,Machining_Date,2023-12-18
74,P,PB,BONN,OB_BASE_BLOCK,OB_BASE_BLOCK,MATERIAL_ROD_AL-G_SUPPLIER_REFERENCE,13/02/2023/c,PART_NUMBER,1-0075,Machining_Date,2023-12-18
75,P,PB,BONN,OB_BASE_BLOCK,OB_BASE_BLOCK,MATERIAL_ROD_AL-G_SUPPLIER_REFERENCE,13/02/2023/c,PART_NUMBER,1-0076,Machining_Date,2023-12-18
76,P,PB,BONN,OB_BASE_BLOCK,OB_BASE_BLOCK,MATERIAL_ROD_AL-G_SUPPLIER_REFERENCE,13/02/2023/c,PART_NUMBER,1-0077,Machining_Date,2023-12-18
77,P,PB,BONN,OB_BASE_BLOCK,OB_BASE_BLOCK,MATERIAL_ROD_AL-G_SUPPLIER_REFERENCE,13/02/2023/c,PART_NUMBER,1-0078,Machining_Date,2023-12-18
78,P,PB,BONN,OB_BASE_BLOCK,OB_BASE_BLOCK,MATERIAL_ROD_AL-G_SUPPLIER_REFERENCE,13/02/2023/c,PART_NUMBER,1-0079,Machining_Date,2023-12-18
79,P,PB,BONN,OB_BASE_BLOCK,OB_BASE_BLOCK,MATERIAL_ROD_AL-G_SUPPLIER_REFERENCE,13/02/2023/c,PART_NUMBER,1-0080,Machining_Date,2023-12-18
80,P,PB,BONN,OB_BASE_BLOCK,OB_BASE_BLOCK,MATERIAL_ROD_AL-G_SUPPLIER_REFERENCE,13/02/2023/c,PART_NUMBER,1-0081,Machining_Date,2023-12-18
81,P,PB,BONN,OB_BASE_BLOCK,OB_BASE_BLOCK,MATERIAL_ROD_AL-G_SUPPLIER_REFERENCE,13/02/2023/c,PART_NUMBER,1-0082,Machining_Date,2023-12-18
82,P,PB,BONN,OB_BASE_BLOCK,OB_BASE_BLOCK,MATERIAL_ROD_AL-G_SUPPLIER_REFERENCE,13/02/2023/c,PART_NUMBER,1-0083,Machining_Date,2023-12-18
83,P,PB,BONN,OB_BASE_BLOCK,OB_BASE_BLOCK,MATERIAL_ROD_AL-G_SUPPLIER_REFERENCE,13/02/2023/c,PART_NUMBER,1-0084,Machining_Date,2023-12-18
84,P,PB,BONN,OB_BASE_BLOCK,OB_BASE_BLOCK,MATERIAL_ROD_AL-G_SUPPLIER_REFERENCE,13/02/2023/c,PART_NUMBER,1-0085,Machining_Date,2023-12-18
85,P,PB,BONN,OB_BASE_BLOCK,OB_BASE_BLOCK,MATERIAL_ROD_AL-G_SUPPLIER_REFERENCE,13/02/2023/c,PART_NUMBER,1-0086,Machining_Date,2023-12-18
86,P,PB,BONN,OB_BASE_BLOCK,OB_BASE_BLOCK,MATERIAL_ROD_AL-G_SUPPLIER_REFERENCE,13/02/2023/c,PART_NUMBER,1-0087,Machining_Date,2023-12-18
87,P,PB,BONN,OB_BASE_BLOCK,OB_BASE_BLOCK,MATERIAL_ROD_AL-G_SUPPLIER_REFERENCE,13/02/2023/c,PART_NUMBER,1-0088,Machining_Date,2023-12-18
88,P,PB,BONN,OB_BASE_BLOCK,OB_BASE_BLOCK,MATERIAL_ROD_AL-G_SUPPLIER_REFERENCE,13/02/2023/c,PART_NUMBER,1-0089,Machining_Date,2023-12-18
89,P,PB,BONN,OB_BASE_BLOCK,OB_BASE_BLOCK,MATERIAL_ROD_AL-G_SUPPLIER_REFERENCE,13/02/2023/c,PART_NUMBER,1-0090,Machining_Date,2023-12-18
90,P,PB,BONN,OB_BASE_BLOCK,OB_BASE_BLOCK,MATERIAL_ROD_AL-G_SUPPLIER_REFERENCE,13/02/2023/c,PART_NUMBER,1-0091,Machining_Date,2023-12-18
91,P,PB,BONN,OB_BASE_BLOCK,OB_BASE_BLOCK,MATERIAL_ROD_AL-G_SUPPLIER_REFERENCE,13/02/2023/c,PART_NUMBER,1-0092,Machining_Date,2023-12-18
92,P,PB,BONN,OB_BASE_BLOCK,OB_BASE_BLOCK,MATERIAL_ROD_AL-G_SUPPLIER_REFERENCE,13/02/2023/c,PART_NUMBER,1-0093,Machining_Date,2023-12-18
93,P,PB,BONN,OB_BASE_BLOCK,OB_BASE_BLOCK,MATERIAL_ROD_AL-G_SUPPLIER_REFERENCE,13/02/2023/c,PART_NUMBER,1-0094,Machining_Date,2023-12-18
94,P,PB,BONN,OB_BASE_BLOCK,OB_BASE_BLOCK,MATERIAL_ROD_AL-G_SUPPLIER_REFERENCE,13/02/2023/c,PART_NUMBER,1-0095,Machining_Date,2023-12-18
95,P,PB,BONN,OB_BASE_BLOCK,OB_BASE_BLOCK,MATERIAL_ROD_AL-G_SUPPLIER_REFERENCE,13/02/2023/c,PART_NUMBER,1-0096,Machining_Date,2023-12-18
96,P,PB,BONN,OB_BASE_BLOCK,OB_BASE_BLOCK,MATERIAL_ROD_AL-G_SUPPLIER_REFERENCE,13/02/2023/c,PART_NUMBER,1-0097,Machining_Date,2023-12-18
97,P,PB,BONN,OB_BASE_BLOCK,OB_BASE_BLOCK,MATERIAL_ROD_AL-G_SUPPLIER_REFERENCE,13/02/2023/c,PART_NUMBER,1-0098,Machining_Date,2023-12-18
98,P,PB,BONN,OB_BASE_BLOCK,OB_BASE_BLOCK,MATERIAL_ROD_AL-G_SUPPLIER_REFERENCE,13/02/2023/c,PART_NUMBER,1-0099,Machining_Date,2023-12-18
99,P,PB,BONN,OB_BASE_BLOCK,OB_BASE_BLOCK,MATERIAL_ROD_AL-G_SUPPLIER_REFERENCE,13/02/2023/c,PART_NUMBER,1-0100,Machining_Date,2023-12-18
100,P,PB,BONN,OB_BASE_BLOCK,OB_BASE_BLOCK,MATERIAL_ROD_AL-G_SUPPLIER_REFERENCE,13/02/2023/c,PART_NUMBER,1-0101,Machining_Date,2023-12-18
101,P,PB,BONN,OB_BASE_BLOCK,OB_BASE_BLOCK,MATERIAL_ROD_AL-G_SUPPLIER_REFERENCE,13/02/2023/c,PART_NUMBER,1-0102,Machining_Date,2023-12-18
102,P,PB,BONN,OB_BASE_BLOCK,OB_BASE_BLOCK,MATERIAL_ROD_AL-G_SUPPLIER_REFERENCE,13/02/2023/c,PART_NUMBER,1-0103,Machining_Date,2023-12-18
103,P,PB,BONN,OB_BASE_BLOCK,OB_BASE_BLOCK,MATERIAL_ROD_AL-G_SUPPLIER_REFERENCE,13/02/2023/c,PART_NUMBER,1-0104,Machining_Date,2023-12-18
104,P,PB,BONN,OB_BASE_BLOCK,OB_BASE_BLOCK,MATERIAL_ROD_AL-G_SUPPLIER_REFERENCE,13/02/2023/c,PART_NUMBER,1-0105,Machining_Date,2023-12-18
105,P,PB,BONN,OB_BASE_BLOCK,OB_BASE_BLOCK,MATERIAL_ROD_AL-G_SUPPLIER_REFERENCE,13/02/2023/c,PART_NUMBER,1-0106,Machining_Date,2023-12-18
106,P,PB,BONN,OB_BASE_BLOCK,OB_BASE_BLOCK,MATERIAL_ROD_AL-G_SUPPLIER_REFERENCE,13/02/2023/c,PART_NUMBER,1-0107,Machining_Date,2023-12-19
107,P,PB,BONN,OB_BASE_BLOCK,OB_BASE_BLOCK,MATERIAL_ROD_AL-G_SUPPLIER_REFERENCE,13/02/2023/c,PART_NUMBER,1-0108,Machining_Date,2023-12-19
108,P,PB,BONN,OB_BASE_BLOCK,OB_BASE_BLOCK,MATERIAL_ROD_AL-G_SUPPLIER_REFERENCE,13/02/2023/c,PART_NUMBER,1-0109,Machining_Date,2023-12-19
109,P,PB,BONN,OB_BASE_BLOCK,OB_BASE_BLOCK,MATERIAL_ROD_AL-G_SUPPLIER_REFERENCE,13/02/2023/c,PART_NUMBER,1-0110,Machining_Date,2023-12-19
110,P,PB,BONN,OB_BASE_BLOCK,OB_BASE_BLOCK,MATERIAL_ROD_AL-G_SUPPLIER_REFERENCE,13/02/2023/c,PART_NUMBER,1-0111,Machining_Date,2023-12-19
111,P,PB,BONN,OB_BASE_BLOCK,OB_BASE_BLOCK,MATERIAL_ROD_AL-G_SUPPLIER_REFERENCE,13/02/2023/c,PART_NUMBER,1-0112,Machining_Date,2023-12-19
112,P,PB,BONN,OB_BASE_BLOCK,OB_BASE_BLOCK,MATERIAL_ROD_AL-G_SUPPLIER_REFERENCE,13/02/2023/c,PART_NUMBER,1-0113,Machining_Date,2023-12-19
113,P,PB,BONN,OB_BASE_BLOCK,OB_BASE_BLOCK,MATERIAL_ROD_AL-G_SUPPLIER_REFERENCE,13/02/2023/c,PART_NUMBER,1-0114,Machining_Date,2023-12-19
114,P,PB,BONN,OB_BASE_BLOCK,OB_BASE_BLOCK,MATERIAL_ROD_AL-G_SUPPLIER_REFERENCE,13/02/2023/c,PART_NUMBER,1-0115,Machining_Date,2023-12-19
115,P,PB,BONN,OB_BASE_BLOCK,OB_BASE_BLOCK,MATERIAL_ROD_AL-G_SUPPLIER_REFERENCE,13/02/2023/c,PART_NUMBER,1-0116,Machining_Date,2023-12-19
116,P,PB,BONN,OB_BASE_BLOCK,OB_BASE_BLOCK,MATERIAL_ROD_AL-G_SUPPLIER_REFERENCE,13/02/2023/c,PART_NUMBER,1-0117,Machining_Date,2023-12-19
117,P,PB,BONN,OB_BASE_BLOCK,OB_BASE_BLOCK,MATERIAL_ROD_AL-G_SUPPLIER_REFERENCE,13/02/2023/c,PART_NUMBER,1-0118,Machining_Date,2023-12-19
118,P,PB,BONN,OB_BASE_BLOCK,OB_BASE_BLOCK,MATERIAL_ROD_AL-G_SUPPLIER_REFERENCE,13/02/2023/d,PART_NUMBER,1-0119,Machining_Date,2023-12-19
119,P,PB,BONN,OB_BASE_BLOCK,OB_BASE_BLOCK,MATERIAL_ROD_AL-G_SUPPLIER_REFERENCE,13/02/2023/d,PART_NUMBER,1-0120,Machining_Date,2023-12-19
120,P,PB,BONN,OB_BASE_BLOCK,OB_BASE_BLOCK,MATERIAL_ROD_AL-G_SUPPLIER_REFERENCE,13/02/2023/d,PART_NUMBER,1-0121,Machining_Date,2023-12-19
121,P,PB,BONN,OB_BASE_BLOCK,OB_BASE_BLOCK,MATERIAL_ROD_AL-G_SUPPLIER_REFERENCE,13/02/2023/d,PART_NUMBER,1-0122,Machining_Date,2023-12-19
122,P,PB,BONN,OB_BASE_BLOCK,OB_BASE_BLOCK,MATERIAL_ROD_AL-G_SUPPLIER_REFERENCE,13/02/2023/d,PART_NUMBER,1-0123,Machining_Date,2023-12-19
123,P,PB,BONN,OB_BASE_BLOCK,OB_BASE_BLOCK,MATERIAL_ROD_AL-G_SUPPLIER_REFERENCE,13/02/2023/d,PART_NUMBER,1-0124,Machining_Date,2023-12-19
124,P,PB,BONN,OB_BASE_BLOCK,OB_BASE_BLOCK,MATERIAL_ROD_AL-G_SUPPLIER_REFERENCE,13/02/2023/d,PART_NUMBER,1-0125,Machining_Date,2023-12-19
125,P,PB,BONN,OB_BASE_BLOCK,OB_BASE_BLOCK,MATERIAL_ROD_AL-G_SUPPLIER_REFERENCE,13/02/2023/d,PART_NUMBER,1-0126,Machining_Date,2023-12-19
126,P,PB,BONN,OB_BASE_BLOCK,OB_BASE_BLOCK,MATERIAL_ROD_AL-G_SUPPLIER_REFERENCE,13/02/2023/d,PART_NUMBER,1-0127,Machining_Date,2023-12-19
127,P,PB,BONN,OB_BASE_BLOCK,OB_BASE_BLOCK,MATERIAL_ROD_AL-G_SUPPLIER_REFERENCE,13/02/2023/d,PART_NUMBER,1-0128,Machining_Date,2023-12-19
128,P,PB,BONN,OB_BASE_BLOCK,OB_BASE_BLOCK,MATERIAL_ROD_AL-G_SUPPLIER_REFERENCE,13/02/2023/d,PART_NUMBER,1-0129,Machining_Date,2023-12-19
129,P,PB,BONN,OB_BASE_BLOCK,OB_BASE_BLOCK,MATERIAL_ROD_AL-G_SUPPLIER_REFERENCE,13/02/2023/d,PART_NUMBER,1-0130,Machining_Date,2023-12-19
130,P,PB,BONN,OB_BASE_BLOCK,OB_BASE_BLOCK,MATERIAL_ROD_AL-G_SUPPLIER_REFERENCE,13/02/2023/d,PART_NUMBER,1-0131,Machining_Date,2023-12-19
131,P,PB,BONN,OB_BASE_BLOCK,OB_BASE_BLOCK,MATERIAL_ROD_AL-G_SUPPLIER_REFERENCE,13/02/2023/d,PART_NUMBER,1-0132,Machining_Date,2023-12-19
132,P,PB,BONN,OB_BASE_BLOCK,OB_BASE_BLOCK,MATERIAL_ROD_AL-G_SUPPLIER_REFERENCE,13/02/2023/d,PART_NUMBER,1-0133,Machining_Date,2023-12-19
133,P,PB,BONN,OB_BASE_BLOCK,OB_BASE_BLOCK,MATERIAL_ROD_AL-G_SUPPLIER_REFERENCE,13/02/2023/d,PART_NUMBER,1-0134,Machining_Date,2023-12-19
134,P,PB,BONN,OB_BASE_BLOCK,OB_BASE_BLOCK,MATERIAL_ROD_AL-G_SUPPLIER_REFERENCE,13/02/2023/d,PART_NUMBER,1-0135,Machining_Date,2023-12-19
135,P,PB,BONN,OB_BASE_BLOCK,OB_BASE_BLOCK,MATERIAL_ROD_AL-G_SUPPLIER_REFERENCE,13/02/2023/d,PART_NUMBER,1-0136,Machining_Date,2023-12-19
136,P,PB,BONN,OB_BASE_BLOCK,OB_BASE_BLOCK,MATERIAL_ROD_AL-G_SUPPLIER_REFERENCE,13/02/2023/d,PART_NUMBER,1-0137,Machining_Date,2023-12-19
137,P,PB,BONN,OB_BASE_BLOCK,OB_BASE_BLOCK,MATERIAL_ROD_AL-G_SUPPLIER_REFERENCE,13/02/2023/d,PART_NUMBER,1-0138,Machining_Date,2023-12-19
138,P,PB,BONN,OB_BASE_BLOCK,OB_BASE_BLOCK,MATERIAL_ROD_AL-G_SUPPLIER_REFERENCE,13/02/2023/d,PART_NUMBER,1-0139,Machining_Date,2023-12-19
139,P,PB,BONN,OB_BASE_BLOCK,OB_BASE_BLOCK,MATERIAL_ROD_AL-G_SUPPLIER_REFERENCE,13/02/2023/d,PART_NUMBER,1-0140,Machining_Date,2023-12-19
140,P,PB,BONN,OB_BASE_BLOCK,OB_BASE_BLOCK,MATERIAL_ROD_AL-G_SUPPLIER_REFERENCE,13/02/2023/d,PART_NUMBER,1-0141,Machining_Date,2023-12-19
141,P,PB,BONN,OB_BASE_BLOCK,OB_BASE_BLOCK,MATERIAL_ROD_AL-G_SUPPLIER_REFERENCE,13/02/2023/d,PART_NUMBER,1-0142,Machining_Date,2023-12-19
142,P,PB,BONN,OB_BASE_BLOCK,OB_BASE_BLOCK,MATERIAL_ROD_AL-G_SUPPLIER_REFERENCE,13/02/2023/d,PART_NUMBER,1-0143,Machining_Date,2023-12-19
143,P,PB,BONN,OB_BASE_BLOCK,OB_BASE_BLOCK,MATERIAL_ROD_AL-G_SUPPLIER_REFERENCE,13/02/2023/d,PART_NUMBER,1-0144,Machining_Date,2023-12-19
144,P,PB,BONN,OB_BASE_BLOCK,OB_BASE_BLOCK,MATERIAL_ROD_AL-G_SUPPLIER_REFERENCE,13/02/2023/d,PART_NUMBER,1-0145,Machining_Date,2023-12-19
145,P,PB,BONN,OB_BASE_BLOCK,OB_BASE_BLOCK,MATERIAL_ROD_AL-G_SUPPLIER_REFERENCE,13/02/2023/d,PART_NUMBER,1-0146,Machining_Date,2023-12-19
146,P,PB,BONN,OB_BASE_BLOCK,OB_BASE_BLOCK,MATERIAL_ROD_AL-G_SUPPLIER_REFERENCE,13/02/2023/d,PART_NUMBER,1-0147,Machining_Date,2023-12-19
147,P,PB,BONN,OB_BASE_BLOCK,OB_BASE_BLOCK,MATERIAL_ROD_AL-G_SUPPLIER_REFERENCE,13/02/2023/d,PART_NUMBER,1-0148,Machining_Date,2023-12-19
148,P,PB,BONN,OB_BASE_BLOCK,OB_BASE_BLOCK,MATERIAL_ROD_AL-G_SUPPLIER_REFERENCE,13/02/2023/d,PART_NUMBER,1-0149,Machining_Date,2023-12-19
149,P,PB,BONN,OB_BASE_BLOCK,OB_BASE_BLOCK,MATERIAL_ROD_AL-G_SUPPLIER_REFERENCE,13/02/2023/d,PART_NUMBER,1-0150,Machining_Date,2023-12-19
150,P,PB,BONN,OB_BASE_BLOCK,OB_BASE_BLOCK,MATERIAL_ROD_AL-G_SUPPLIER_REFERENCE,13/02/2023/d,PART_NUMBER,1-0151,Machining_Date,2023-12-19
151,P,PB,BONN,OB_BASE_BLOCK,OB_BASE_BLOCK,MATERIAL_ROD_AL-G_SUPPLIER_REFERENCE,13/02/2023/d,PART_NUMBER,1-0152,Machining_Date,2023-12-19
152,P,PB,BONN,OB_BASE_BLOCK,OB_BASE_BLOCK,MATERIAL_ROD_AL-G_SUPPLIER_REFERENCE,13/02/2023/d,PART_NUMBER,1-0153,Machining_Date,2023-12-19
153,P,PB,BONN,OB_BASE_BLOCK,OB_BASE_BLOCK,MATERIAL_ROD_AL-G_SUPPLIER_REFERENCE,13/02/2023/d,PART_NUMBER,1-0154,Machining_Date,2023-12-19
154,P,PB,BONN,OB_BASE_BLOCK,OB_BASE_BLOCK,MATERIAL_ROD_AL-G_SUPPLIER_REFERENCE,13/02/2023/d,PART_NUMBER,1-0155,Machining_Date,2023-12-19
155,P,PB,BONN,OB_BASE_BLOCK,OB_BASE_BLOCK,MATERIAL_ROD_AL-G_SUPPLIER_REFERENCE,13/02/2023/d,PART_NUMBER,1-0156,Machining_Date,2023-12-19
156,P,PB,BONN,OB_BASE_BLOCK,OB_BASE_BLOCK,MATERIAL_ROD_AL-G_SUPPLIER_REFERENCE,13/02/2023/d,PART_NUMBER,1-0157,Machining_Date,2023-12-19
157,P,PB,BONN,OB_BASE_BLOCK,OB_BASE_BLOCK,MATERIAL_ROD_AL-G_SUPPLIER_REFERENCE,13/02/2023/d,PART_NUMBER,1-0158,Machining_Date,2023-12-19
158,P,PB,BONN,OB_BASE_BLOCK,OB_BASE_BLOCK,MATERIAL_ROD_AL-G_SUPPLIER_REFERENCE,13/02/2023/d,PART_NUMBER,1-0159,Machining_Date,2023-12-19
159,P,PB,BONN,OB_BASE_BLOCK,OB_BASE_BLOCK,MATERIAL_ROD_AL-G_SUPPLIER_REFERENCE,13/02/2023/d,PART_NUMBER,1-0160,Machining_Date,2023-12-19
160,P,PB,BONN,OB_BASE_BLOCK,OB_BASE_BLOCK,MATERIAL_ROD_AL-G_SUPPLIER_REFERENCE,13/02/2023/d,PART_NUMBER,1-0161,Machining_Date,2023-12-19
161,P,PB,BONN,OB_BASE_BLOCK,OB_BASE_BLOCK,MATERIAL_ROD_AL-G_SUPPLIER_REFERENCE,13/02/2023/d,PART_NUMBER,1-0162,Machining_Date,2023-12-19
162,P,PB,BONN,OB_BASE_BLOCK,OB_BASE_BLOCK,MATERIAL_ROD_AL-G_SUPPLIER_REFERENCE,13/02/2023/d,PART_NUMBER,1-0163,Machining_Date,2023-12-19
163,P,PB,BONN,OB_BASE_BLOCK,OB_BASE_BLOCK,MATERIAL_ROD_AL-G_SUPPLIER_REFERENCE,13/02/2023/d,PART_NUMBER,1-0164,Machining_Date,2023-12-19
164,P,PB,BONN,OB_BASE_BLOCK,OB_BASE_BLOCK,MATERIAL_ROD_AL-G_SUPPLIER_REFERENCE,13/02/2023/d,PART_NUMBER,1-0165,Machining_Date,2023-12-19
165,P,PB,BONN,OB_BASE_BLOCK,OB_BASE_BLOCK,MATERIAL_ROD_AL-G_SUPPLIER_REFERENCE,13/02/2023/d,PART_NUMBER,1-0166,Machining_Date,2023-12-19
166,P,PB,BONN,OB_BASE_BLOCK,OB_BASE_BLOCK,MATERIAL_ROD_AL-G_SUPPLIER_REFERENCE,13/02/2023/d,PART_NUMBER,1-0167,Machining_Date,2023-12-19
167,P,PB,BONN,OB_BASE_BLOCK,OB_BASE_BLOCK,MATERIAL_ROD_AL-G_SUPPLIER_REFERENCE,13/02/2023/d,PART_NUMBER,1-0168,Machining_Date,2023-12-19
168,P,PB,BONN,OB_BASE_BLOCK,OB_BASE_BLOCK,MATERIAL_ROD_AL-G_SUPPLIER_REFERENCE,13/02/2023/d,PART_NUMBER,1-0169,Machining_Date,2023-12-19
169,P,PB,BONN,OB_BASE_BLOCK,OB_BASE_BLOCK,MATERIAL_ROD_AL-G_SUPPLIER_REFERENCE,13/02/2023/d,PART_NUMBER,1-0170,Machining_Date,2023-12-19
170,P,PB,BONN,OB_BASE_BLOCK,OB_BASE_BLOCK,MATERIAL_ROD_AL-G_SUPPLIER_REFERENCE,13/02/2023/d,PART_NUMBER,1-0171,Machining_Date,2023-12-19
171,P,PB,BONN,OB_BASE_BLOCK,OB_BASE_BLOCK,MATERIAL_ROD_AL-G_SUPPLIER_REFERENCE,13/02/2023/d,PART_NUMBER,1-0172,Machining_Date,2023-12-19
172,P,PB,BONN,OB_BASE_BLOCK,OB_BASE_BLOCK,MATERIAL_ROD_AL-G_SUPPLIER_REFERENCE,13/02/2023/d,PART_NUMBER,1-0173,Machining_Date,2023-12-19
173,P,PB,BONN,OB_BASE_BLOCK,OB_BASE_BLOCK,MATERIAL_ROD_AL-G_SUPPLIER_REFERENCE,13/02/2023/d,PART_NUMBER,1-0174,Machining_Date,2023-12-19
174,P,PB,BONN,OB_BASE_BLOCK,OB_BASE_BLOCK,MATERIAL_ROD_AL-G_SUPPLIER_REFERENCE,13/02/2023/d,PART_NUMBER,1-0175,Machining_Date,2023-12-19
175,P,PB,BONN,OB_BASE_BLOCK,OB_BASE_BLOCK,MATERIAL_ROD_AL-G_SUPPLIER_REFERENCE,13/02/2023/d,PART_NUMBER,1-0176,Machining_Date,2023-12-19
176,P,PB,BONN,OB_BASE_BLOCK,OB_BASE_BLOCK,MATERIAL_ROD_AL-G_SUPPLIER_REFERENCE,13/02/2023/d,PART_NUMBER,1-0177,Machining_Date,2023-12-19
177,P,PB,BONN,OB_BASE_BLOCK,OB_BASE_BLOCK,MATERIAL_ROD_AL-G_SUPPLIER_REFERENCE,13/02/2023/d,PART_NUMBER,1-0178,Machining_Date,2023-12-19
178,P,PB,BONN,OB_BASE_BLOCK,OB_BASE_BLOCK,MATERIAL_ROD_AL-G_SUPPLIER_REFERENCE,13/02/2023/e,PART_NUMBER,1-0179,Machining_Date,2023-12-20
179,P,PB,BONN,OB_BASE_BLOCK,OB_BASE_BLOCK,MATERIAL_ROD_AL-G_SUPPLIER_REFERENCE,13/02/2023/e,PART_NUMBER,1-0180,Machining_Date,2023-12-20
180,P,PB,BONN,OB_BASE_BLOCK,OB_BASE_BLOCK,MATERIAL_ROD_AL-G_SUPPLIER_REFERENCE,13/02/2023/e,PART_NUMBER,1-0181,Machining_Date,2023-12-20
181,P,PB,BONN,OB_BASE_BLOCK,OB_BASE_BLOCK,MATERIAL_ROD_AL-G_SUPPLIER_REFERENCE,13/02/2023/e,PART_NUMBER,1-0182,Machining_Date,2023-12-20
182,P,PB,BONN,OB_BASE_BLOCK,OB_BASE_BLOCK,MATERIAL_ROD_AL-G_SUPPLIER_REFERENCE,13/02/2023/e,PART_NUMBER,1-0183,Machining_Date,2023-12-20
183,P,PB,BONN,OB_BASE_BLOCK,OB_BASE_BLOCK,MATERIAL_ROD_AL-G_SUPPLIER_REFERENCE,13/02/2023/e,PART_NUMBER,1-0184,Machining_Date,2023-12-20
184,P,PB,BONN,OB_BASE_BLOCK,OB_BASE_BLOCK,MATERIAL_ROD_AL-G_SUPPLIER_REFERENCE,13/02/2023/e,PART_NUMBER,1-0185,Machining_Date,2023-12-20
185,P,PB,BONN,OB_BASE_BLOCK,OB_BASE_BLOCK,MATERIAL_ROD_AL-G_SUPPLIER_REFERENCE,13/02/2023/e,PART_NUMBER,1-0186,Machining_Date,2023-12-20
186,P,PB,BONN,OB_BASE_BLOCK,OB_BASE_BLOCK,MATERIAL_ROD_AL-G_SUPPLIER_REFERENCE,13/02/2023/e,PART_NUMBER,1-0187,Machining_Date,2023-12-20
187,P,PB,BONN,OB_BASE_BLOCK,OB_BASE_BLOCK,MATERIAL_ROD_AL-G_SUPPLIER_REFERENCE,13/02/2023/e,PART_NUMBER,1-0188,Machining_Date,2023-12-20
188,P,PB,BONN,OB_BASE_BLOCK,OB_BASE_BLOCK,MATERIAL_ROD_AL-G_SUPPLIER_REFERENCE,13/02/2023/e,PART_NUMBER,1-0189,Machining_Date,2023-12-20
189,P,PB,BONN,OB_BASE_BLOCK,OB_BASE_BLOCK,MATERIAL_ROD_AL-G_SUPPLIER_REFERENCE,13/02/2023/e,PART_NUMBER,1-0190,Machining_Date,2023-12-20
190,P,PB,BONN,OB_BASE_BLOCK,OB_BASE_BLOCK,MATERIAL_ROD_AL-G_SUPPLIER_REFERENCE,13/02/2023/e,PART_NUMBER,1-0191,Machining_Date,2023-12-20
191,P,PB,BONN,OB_BASE_BLOCK,OB_BASE_BLOCK,MATERIAL_ROD_AL-G_SUPPLIER_REFERENCE,13/02/2023/e,PART_NUMBER,1-0192,Machining_Date,2023-12-20
192,P,PB,BONN,OB_BASE_BLOCK,OB_BASE_BLOCK,MATERIAL_ROD_AL-G_SUPPLIER_REFERENCE,13/02/2023/e,PART_NUMBER,1-0193,Machining_Date,2023-12-20
193,P,PB,BONN,OB_BASE_BLOCK,OB_BASE_BLOCK,MATERIAL_ROD_AL-G_SUPPLIER_REFERENCE,13/02/2023/e,PART_NUMBER,1-0194,Machining_Date,2023-12-20
194,P,PB,BONN,OB_BASE_BLOCK,OB_BASE_BLOCK,MATERIAL_ROD_AL-G_SUPPLIER_REFERENCE,13/02/2023/e,PART_NUMBER,1-0195,Machining_Date,2023-12-20
195,P,PB,BONN,OB_BASE_BLOCK,OB_BASE_BLOCK,MATERIAL_ROD_AL-G_SUPPLIER_REFERENCE,13/02/2023/e,PART_NUMBER,1-0196,Machining_Date,2023-12-20
196,P,PB,BONN,OB_BASE_BLOCK,OB_BASE_BLOCK,MATERIAL_ROD_AL-G_SUPPLIER_REFERENCE,13/02/2023/e,PART_NUMBER,1-0197,Machining_Date,2023-12-20
197,P,PB,BONN,OB_BASE_BLOCK,OB_BASE_BLOCK,MATERIAL_ROD_AL-G_SUPPLIER_REFERENCE,13/02/2023/e,PART_NUMBER,1-0198,Machining_Date,2023-12-20
198,P,PB,BONN,OB_BASE_BLOCK,OB_BASE_BLOCK,MATERIAL_ROD_AL-G_SUPPLIER_REFERENCE,13/02/2023/e,PART_NUMBER,1-0199,Machining_Date,2023-12-20
199,P,PB,BONN,OB_BASE_BLOCK,OB_BASE_BLOCK,MATERIAL_ROD_AL-G_SUPPLIER_REFERENCE,13/02/2023/e,PART_NUMBER,1-0200,Machining_Date,2023-12-20
